district,day,hour,load,price,action,battery_level
Ramananthapuram,0,0,0.4248794220025484,3.1151752372875303,discharge,0.4
Ramananthapuram,0,1,0.4106866304960917,3.218239643560231,idle,0.4
Ramananthapuram,0,2,0.3101524249941386,2.9065116476760027,idle,0.4
Ramananthapuram,0,3,0.44623400745021874,3.080439395040076,discharge,0.30000000000000004
Ramananthapuram,0,4,0.4483534102950169,3.085244069847058,discharge,0.20000000000000004
Ramananthapuram,0,5,0.3740778645937526,2.9278373633540675,idle,0.20000000000000004
Ramananthapuram,0,6,0.48607091027132454,4.60807203605859,idle,0.20000000000000004
Ramananthapuram,0,7,0.48826068793148425,5.363590660616812,discharge,0.10000000000000003
Ramananthapuram,0,8,0.5944075053096477,8.85826890375582,discharge,2.7755575615628914e-17
Ramananthapuram,0,9,0.5748732361059505,8.60770509446437,idle,2.7755575615628914e-17
Ramananthapuram,0,10,0.3128962590191681,4.649641371599561,discharge,0.0
Ramananthapuram,0,11,0.49879290351828676,4.73873242175799,discharge,0.0
Ramananthapuram,0,12,0.3435332070601756,5.008570739524907,idle,0.0
Ramananthapuram,0,13,0.4311628444664342,5.281055268920404,idle,0.0
Ramananthapuram,0,14,0.4694560721456483,4.878452021197356,idle,0.0
Ramananthapuram,0,15,0.3138062274903143,4.913361645225958,idle,0.0
Ramananthapuram,0,16,0.37000304352253405,5.362536003476763,discharge,0.0
Ramananthapuram,0,17,0.4586861623279942,4.709581469557049,discharge,0.0
Ramananthapuram,0,18,0.3968895278511892,7.560627725228177,idle,0.0
Ramananthapuram,0,19,0.47401916046960635,8.48728430113418,discharge,0.0
Ramananthapuram,0,20,0.40023387799487425,4.740058150902183,idle,0.0
Ramananthapuram,0,21,0.494269913327659,4.671217074872658,discharge,0.0
Ramananthapuram,0,22,0.3601304321899014,4.852773414418938,idle,0.0
Ramananthapuram,0,23,0.48875830350118,4.647705247827041,idle,0.0
Ramananthapuram,1,0,0.4131222562680042,3.4131180538111017,discharge,0.0
Ramananthapuram,1,1,0.4594208600425388,3.2686203392038697,idle,0.0
Ramananthapuram,1,2,0.3308822688984561,3.1371296087898295,discharge,0.0
Ramananthapuram,1,3,0.4346653744547781,3.3874589689376196,discharge,0.0
Ramananthapuram,1,4,0.4586822827271765,3.0678435903089785,idle,0.0
Ramananthapuram,1,5,0.4241867398112133,3.0589599824807703,charge,0.1
Ramananthapuram,1,6,0.35852515566994486,5.3963700255433285,discharge,0.0
Ramananthapuram,1,7,0.43537649531526024,5.150138014713774,charge,0.1
Ramananthapuram,1,8,0.5604336468024358,8.6546396782129,discharge,0.0
Ramananthapuram,1,9,0.642595991502599,8.224704615438872,idle,0.0
Ramananthapuram,1,10,0.4754482100702865,4.923817729150288,discharge,0.0
Ramananthapuram,1,11,0.46867338547443427,5.366209457993706,discharge,0.0
Ramananthapuram,1,12,0.4707626947418595,4.822392703344257,idle,0.0
Ramananthapuram,1,13,0.39454649799867914,5.43322383141301,idle,0.0
Ramananthapuram,1,14,0.4716080698755709,4.542364655117513,idle,0.0
Ramananthapuram,1,15,0.3750181832377961,5.370983054768317,idle,0.0
Ramananthapuram,1,16,0.47987128459558037,5.3088826465198125,idle,0.0
Ramananthapuram,1,17,0.4675799057247414,5.395418760211662,discharge,0.0
Ramananthapuram,1,18,0.5485431807599183,8.826369028828967,idle,0.0
Ramananthapuram,1,19,0.4360317107448895,7.987053607287887,discharge,0.0
Ramananthapuram,1,20,0.3390708121879728,5.232958658249306,idle,0.0
Ramananthapuram,1,21,0.4048751106391456,5.346403539123286,discharge,0.0
Ramananthapuram,1,22,0.4355623022962394,5.26428357684883,discharge,0.0
Ramananthapuram,1,23,0.44236075667130964,5.338976540952089,idle,0.0
Ramananthapuram,2,0,0.47461827931246114,2.8906751149547394,discharge,0.0
Ramananthapuram,2,1,0.3817547072636721,3.4570619225873176,discharge,0.0
Ramananthapuram,2,2,0.4322761798883415,3.4747711162716146,idle,0.0
Ramananthapuram,2,3,0.4527581792898949,2.8545346632206994,discharge,0.0
Ramananthapuram,2,4,0.42253521404658734,3.2657651827951626,idle,0.0
Ramananthapuram,2,5,0.3626353810142801,2.801290947418273,charge,0.1
Ramananthapuram,2,6,0.35227141105648513,4.8236082773276285,discharge,0.0
Ramananthapuram,2,7,0.40321582122131,5.145363091227743,charge,0.1
Ramananthapuram,2,8,0.45064409902821945,7.519598712128229,discharge,0.0
Ramananthapuram,2,9,0.5010964785666321,8.450290756233029,idle,0.0
Ramananthapuram,2,10,0.39320997942920977,4.881628237640548,discharge,0.0
Ramananthapuram,2,11,0.3791287958965504,5.40649675931904,idle,0.0
Ramananthapuram,2,12,0.3271015640724585,5.217812581176171,idle,0.0
Ramananthapuram,2,13,0.36803938771753697,4.7896637922626,idle,0.0
Ramananthapuram,2,14,0.4363907138099318,4.910416572323131,idle,0.0
Ramananthapuram,2,15,0.4890638778100219,4.868414156085418,idle,0.0
Ramananthapuram,2,16,0.3791801245484952,5.1225857817190255,discharge,0.0
Ramananthapuram,2,17,0.4988558841789015,5.3454234449140765,discharge,0.0
Ramananthapuram,2,18,0.546844186402026,7.528046883861523,idle,0.0
Ramananthapuram,2,19,0.4319094557019333,8.376758522832846,discharge,0.0
Ramananthapuram,2,20,0.3040398359508537,4.579755511632152,idle,0.0
Ramananthapuram,2,21,0.3178983440157491,4.5837679696376705,idle,0.0
Ramananthapuram,2,22,0.32264055773509104,5.240986768877679,idle,0.0
Ramananthapuram,2,23,0.4583484043331377,4.662519180771883,idle,0.0
Ramananthapuram,3,0,0.43366659415411557,2.824151430263791,discharge,0.0
Ramananthapuram,3,1,0.44883805724766956,3.4074995051828,idle,0.0
Ramananthapuram,3,2,0.3299066454342715,3.156367582680696,discharge,0.0
Ramananthapuram,3,3,0.3211456860117664,3.3928379116876144,idle,0.0
Ramananthapuram,3,4,0.48773781950057304,3.0226361690734476,idle,0.0
Ramananthapuram,3,5,0.3756348475437147,3.1298395117451188,charge,0.1
Ramananthapuram,3,6,0.3710676209455716,4.541569389192338,discharge,0.0
Ramananthapuram,3,7,0.36445778040208215,5.04687230258453,charge,0.1
Ramananthapuram,3,8,0.540484116072752,8.472889079714871,discharge,0.0
Ramananthapuram,3,9,0.5337965678037718,7.980457184432884,idle,0.0
Ramananthapuram,3,10,0.4868518958665681,4.795067231143482,discharge,0.0
Ramananthapuram,3,11,0.4680545446412336,5.4439664146369315,discharge,0.0
Ramananthapuram,3,12,0.4933279778784076,5.092465067582713,idle,0.0
Ramananthapuram,3,13,0.32351846265554696,5.149480907985185,idle,0.0
Ramananthapuram,3,14,0.46299167890694043,4.925085597425852,idle,0.0
Ramananthapuram,3,15,0.49510314815266243,4.849167039863757,idle,0.0
Ramananthapuram,3,16,0.30509610628949746,4.7845744020272996,discharge,0.0
Ramananthapuram,3,17,0.38818053642833894,4.80552547961188,discharge,0.0
Ramananthapuram,3,18,0.5706392181753931,8.816997993400108,idle,0.0
Ramananthapuram,3,19,0.5652948996888003,7.99587394993568,discharge,0.0
Ramananthapuram,3,20,0.3695650858069671,4.750734380876811,idle,0.0
Ramananthapuram,3,21,0.4264941411134046,5.12018757454826,discharge,0.0
Ramananthapuram,3,22,0.33952908188772574,5.000682333439388,idle,0.0
Ramananthapuram,3,23,0.4139184473603757,4.990750708620199,idle,0.0
Ramananthapuram,4,0,0.38073472106219863,2.8153196673800203,idle,0.0
Ramananthapuram,4,1,0.34886020048606226,3.434770863652217,discharge,0.0
Ramananthapuram,4,2,0.47242678008257294,3.1025942271400027,idle,0.0
Ramananthapuram,4,3,0.3904788880457744,2.857793636771191,idle,0.0
Ramananthapuram,4,4,0.4902281379708153,2.976251855765528,idle,0.0
Ramananthapuram,4,5,0.47314948769713805,3.0940338059371535,charge,0.1
Ramananthapuram,4,6,0.322977614617499,5.297609743184186,discharge,0.0
Ramananthapuram,4,7,0.43847845910666833,4.631387664753614,charge,0.1
Ramananthapuram,4,8,0.5798729483200972,8.343466161807017,discharge,0.0
Ramananthapuram,4,9,0.425471334282165,7.618689650085458,discharge,0.0
Ramananthapuram,4,10,0.448910045791143,4.703747336285818,discharge,0.0
Ramananthapuram,4,11,0.4831248346059587,5.23790548414546,discharge,0.0
Ramananthapuram,4,12,0.44175472268923416,5.274674798921495,idle,0.0
Ramananthapuram,4,13,0.4472483023614339,4.540039470726812,idle,0.0
Ramananthapuram,4,14,0.44610491514735406,5.011766858764125,idle,0.0
Ramananthapuram,4,15,0.3511234848810222,4.78660478003349,idle,0.0
Ramananthapuram,4,16,0.3297783876291706,5.336309149586586,discharge,0.0
Ramananthapuram,4,17,0.3857849009560091,5.416903755215699,discharge,0.0
Ramananthapuram,4,18,0.5809306081225646,8.598590587843711,idle,0.0
Ramananthapuram,4,19,0.5538906553032009,8.899572600765573,discharge,0.0
Ramananthapuram,4,20,0.3480967719177147,5.043523134790482,idle,0.0
Ramananthapuram,4,21,0.3035037901490205,5.459162966120502,idle,0.0
Ramananthapuram,4,22,0.34169554335806396,5.413328509169597,idle,0.0
Ramananthapuram,4,23,0.3343227442168789,4.91554264028959,discharge,0.0
Ramananthapuram,5,0,0.3611582606667609,3.011876233969895,idle,0.0
Ramananthapuram,5,1,0.5322065062643658,2.9350894310714453,idle,0.0
Ramananthapuram,5,2,0.39659916699714004,2.9943951505664566,discharge,0.0
Ramananthapuram,5,3,0.4209002553644528,2.962534549049524,discharge,0.0
Ramananthapuram,5,4,0.3946914817671339,3.324956398456705,discharge,0.0
Ramananthapuram,5,5,0.5292059453397069,3.229624989992794,charge,0.1
Ramananthapuram,5,6,0.5681608079264986,5.103444594975448,idle,0.1
Ramananthapuram,5,7,0.457849609576123,4.634224952865973,idle,0.1
Ramananthapuram,5,8,0.703048927884618,8.81734335733722,discharge,0.0
Ramananthapuram,5,9,0.41293312856506076,8.878233443049744,idle,0.0
Ramananthapuram,5,10,0.48780051204543784,4.524728723402546,discharge,0.0
Ramananthapuram,5,11,0.43599445058912745,4.856724440958248,discharge,0.0
Ramananthapuram,5,12,0.3962817845816218,5.153105170717213,idle,0.0
Ramananthapuram,5,13,0.4553929278177249,5.337940981619584,idle,0.0
Ramananthapuram,5,14,0.36280098440291203,5.2125942548672715,idle,0.0
Ramananthapuram,5,15,0.4690634126492411,5.1997561275115896,idle,0.0
Ramananthapuram,5,16,0.4535078745418221,4.794707356630588,idle,0.0
Ramananthapuram,5,17,0.43209591898099287,4.765334809208616,discharge,0.0
Ramananthapuram,5,18,0.3939864951778586,8.409205311729966,idle,0.0
Ramananthapuram,5,19,0.45401284177659623,8.202453115877574,discharge,0.0
Ramananthapuram,5,20,0.41862796191363016,4.5744360123663,idle,0.0
Ramananthapuram,5,21,0.43949094388247945,4.862667141833326,discharge,0.0
Ramananthapuram,5,22,0.5326650518432039,5.4727426967189094,idle,0.0
Ramananthapuram,5,23,0.5772378783150366,5.34813137946497,idle,0.0
Ramananthapuram,6,0,0.5519377746792723,3.0463818041505344,idle,0.0
Ramananthapuram,6,1,0.5656030924392992,3.0046349935698227,idle,0.0
Ramananthapuram,6,2,0.4299440580113103,2.872991057419796,idle,0.0
Ramananthapuram,6,3,0.4630027272601941,3.383493608812824,discharge,0.0
Ramananthapuram,6,4,0.5532260561806818,3.3755104185305527,idle,0.0
Ramananthapuram,6,5,0.5071560676105981,3.399804976086528,charge,0.1
Ramananthapuram,6,6,0.4439009114904676,4.53083373103112,discharge,0.0
Ramananthapuram,6,7,0.43787837574872845,4.794672945263744,charge,0.1
Ramananthapuram,6,8,0.5819646421080755,7.522281012223164,discharge,0.0
Ramananthapuram,6,9,0.5538622931842516,7.992626827997721,idle,0.0
Ramananthapuram,6,10,0.36899832945719774,5.032051819294976,discharge,0.0
Ramananthapuram,6,11,0.4797910420967167,5.2244313294148945,discharge,0.0
Ramananthapuram,6,12,0.3650593504110869,4.515198972372652,idle,0.0
Ramananthapuram,6,13,0.3302921611102349,5.166831668436213,idle,0.0
Ramananthapuram,6,14,0.3573762896155642,4.698443077500757,idle,0.0
Ramananthapuram,6,15,0.3465535756207165,5.045229261796287,idle,0.0
Ramananthapuram,6,16,0.44967353050037073,4.8105663477907,idle,0.0
Ramananthapuram,6,17,0.42533933727018697,5.085374947191313,discharge,0.0
Ramananthapuram,6,18,0.47091996761947363,8.863473615830548,discharge,0.0
Ramananthapuram,6,19,0.5377516507830594,8.801792944809609,discharge,0.0
Ramananthapuram,6,20,0.3928844350840517,5.048179953181006,idle,0.0
Ramananthapuram,6,21,0.43391885400213265,4.69135639860159,discharge,0.0
Ramananthapuram,6,22,0.3816293449518694,4.799415678856948,idle,0.0
Ramananthapuram,6,23,0.5066929978734319,4.7179189174391984,idle,0.0
Ramananthapuram,7,0,0.4758664656533623,3.4910492038798275,discharge,0.0
Ramananthapuram,7,1,0.4489817447956117,3.382709422598325,idle,0.0
Ramananthapuram,7,2,0.39803187633989856,3.3549093468071858,discharge,0.0
Ramananthapuram,7,3,0.49309024755031017,3.04588738231195,discharge,0.0
Ramananthapuram,7,4,0.3179615632970665,2.998741889258364,discharge,0.0
Ramananthapuram,7,5,0.48077744691707014,3.0621524184941973,charge,0.1
Ramananthapuram,7,6,0.4711516915652142,4.610514006728002,discharge,0.0
Ramananthapuram,7,7,0.39988414066756883,4.567446640852156,charge,0.1
Ramananthapuram,7,8,0.40103208389357636,8.529170831907575,discharge,0.0
Ramananthapuram,7,9,0.5193257059330089,8.693691304112528,idle,0.0
Ramananthapuram,7,10,0.4553536952085204,5.355129415475301,discharge,0.0
Ramananthapuram,7,11,0.38351744295690665,5.313505576097212,idle,0.0
Ramananthapuram,7,12,0.30477839923172206,4.9582032651538235,idle,0.0
Ramananthapuram,7,13,0.4697161569348858,4.606251113586044,idle,0.0
Ramananthapuram,7,14,0.33159632884888796,5.020463645069424,idle,0.0
Ramananthapuram,7,15,0.30511411751529466,4.811360153845046,idle,0.0
Ramananthapuram,7,16,0.4973822189578023,5.406081013441648,idle,0.0
Ramananthapuram,7,17,0.4629109477180998,4.512947248581003,discharge,0.0
Ramananthapuram,7,18,0.6147838874228682,8.291628047794525,idle,0.0
Ramananthapuram,7,19,0.5644914736881527,8.0522786996777,discharge,0.0
Ramananthapuram,7,20,0.348864822841992,5.290537012664939,idle,0.0
Ramananthapuram,7,21,0.3940760071159704,4.827904378833669,idle,0.0
Ramananthapuram,7,22,0.41790486716936115,5.029661684081265,discharge,0.0
Ramananthapuram,7,23,0.38345427777563706,4.9753724016816,discharge,0.0
Ramananthapuram,8,0,0.4419571558281163,3.4039161988135804,discharge,0.0
Ramananthapuram,8,1,0.3243108488441089,3.176417989851244,discharge,0.0
Ramananthapuram,8,2,0.48312605996540975,3.2975063931050297,idle,0.0
Ramananthapuram,8,3,0.4204224397163193,2.8134920861655495,discharge,0.0
Ramananthapuram,8,4,0.30985496212817265,3.1172220797962105,discharge,0.0
Ramananthapuram,8,5,0.30123710031300605,3.48049577939952,charge,0.1
Ramananthapuram,8,6,0.4753341544892643,5.354044345189235,discharge,0.0
Ramananthapuram,8,7,0.3687419011301588,5.350317437499651,charge,0.1
Ramananthapuram,8,8,0.506473585680248,8.215359331043631,discharge,0.0
Ramananthapuram,8,9,0.5299406000246103,7.51040731259601,idle,0.0
Ramananthapuram,8,10,0.3520718129892565,4.914918351974062,discharge,0.0
Ramananthapuram,8,11,0.3255010791376731,4.959520690447163,idle,0.0
Ramananthapuram,8,12,0.46434996603610756,5.389917926038448,idle,0.0
Ramananthapuram,8,13,0.32126057108369743,5.246523784227818,idle,0.0
Ramananthapuram,8,14,0.35324700596289266,4.912699966592931,idle,0.0
Ramananthapuram,8,15,0.3292395630276903,4.8349869516853765,idle,0.0
Ramananthapuram,8,16,0.3744301262338339,4.909767500611822,discharge,0.0
Ramananthapuram,8,17,0.3190219854274356,4.654595776758473,discharge,0.0
Ramananthapuram,8,18,0.5044015755326688,7.800681420217818,idle,0.0
Ramananthapuram,8,19,0.5214813988857502,8.224889935569617,discharge,0.0
Ramananthapuram,8,20,0.476033928040696,4.675637350074504,idle,0.0
Ramananthapuram,8,21,0.3380480905730181,4.737327791356538,idle,0.0
Ramananthapuram,8,22,0.4835630284471555,4.623700188045739,discharge,0.0
Ramananthapuram,8,23,0.38027796151108134,4.864285956697064,discharge,0.0
Ramananthapuram,9,0,0.38101992213837355,3.2459061910986975,idle,0.0
Ramananthapuram,9,1,0.3856832942138869,2.985374121494241,discharge,0.0
Ramananthapuram,9,2,0.3372413527241171,2.9775153710526174,discharge,0.0
Ramananthapuram,9,3,0.3703234888386032,3.4682884574110457,idle,0.0
Ramananthapuram,9,4,0.4899047409708438,3.0677011429663703,idle,0.0
Ramananthapuram,9,5,0.3344300195758735,2.938118809178892,charge,0.1
Ramananthapuram,9,6,0.48467405067685826,5.077916990304053,discharge,0.0
Ramananthapuram,9,7,0.3813038810151017,4.689157725518321,charge,0.1
Ramananthapuram,9,8,0.5328125080901681,8.295440901851055,discharge,0.0
Ramananthapuram,9,9,0.526204329921392,8.892890907634165,idle,0.0
Ramananthapuram,9,10,0.33892239799673796,5.036329704484162,discharge,0.0
Ramananthapuram,9,11,0.36571124332113164,5.223620397718285,idle,0.0
Ramananthapuram,9,12,0.4928231962175047,5.167096812491999,idle,0.0
Ramananthapuram,9,13,0.4260085497984479,5.354526281940277,idle,0.0
Ramananthapuram,9,14,0.47925420334587254,5.068682496584364,idle,0.0
Ramananthapuram,9,15,0.33741596508790606,5.3176630564473415,idle,0.0
Ramananthapuram,9,16,0.4671025212735772,5.450522070309829,idle,0.0
Ramananthapuram,9,17,0.3877206986699645,4.507994610388144,discharge,0.0
Ramananthapuram,9,18,0.6272785905591564,8.648044872891719,idle,0.0
Ramananthapuram,9,19,0.5447627554238631,7.928779356867496,discharge,0.0
Ramananthapuram,9,20,0.4569789023047275,4.957592722547723,idle,0.0
Ramananthapuram,9,21,0.356568834859595,5.401638033245573,idle,0.0
Ramananthapuram,9,22,0.3488236934768205,5.467392875527345,idle,0.0
Ramananthapuram,9,23,0.4485913971430838,5.484614678199061,idle,0.0
Ramananthapuram,10,0,0.4467520789427281,3.21801788304884,discharge,0.0
Ramananthapuram,10,1,0.3075067794745556,3.291407027927447,discharge,0.0
Ramananthapuram,10,2,0.3734229821993011,2.853656301760595,discharge,0.0
Ramananthapuram,10,3,0.4784690649354332,3.388287159064423,discharge,0.0
Ramananthapuram,10,4,0.49239779186951893,3.0324808806706027,idle,0.0
Ramananthapuram,10,5,0.41487747333341113,3.081050538792092,charge,0.1
Ramananthapuram,10,6,0.3857893841206652,4.501010047748882,discharge,0.0
Ramananthapuram,10,7,0.3889819864797372,4.703967111239624,charge,0.1
Ramananthapuram,10,8,0.4439771617427843,8.121715234368807,discharge,0.0
Ramananthapuram,10,9,0.39194404841066033,7.741895442234177,idle,0.0
Ramananthapuram,10,10,0.35028920132868624,5.190041121956888,discharge,0.0
Ramananthapuram,10,11,0.39153809231592024,4.57582436043295,idle,0.0
Ramananthapuram,10,12,0.40714168709787485,5.0295171649100485,idle,0.0
Ramananthapuram,10,13,0.4240569782193043,4.956285204898949,idle,0.0
Ramananthapuram,10,14,0.42676552011699465,5.362162810261325,idle,0.0
Ramananthapuram,10,15,0.36340622428729796,5.039046281438079,idle,0.0
Ramananthapuram,10,16,0.40324805397629665,4.954281669012123,idle,0.0
Ramananthapuram,10,17,0.3758147394520476,5.383310545930913,discharge,0.0
Ramananthapuram,10,18,0.6480655215692693,8.687878786438835,idle,0.0
Ramananthapuram,10,19,0.4444089693832761,8.698113683088039,discharge,0.0
Ramananthapuram,10,20,0.36671350635783795,5.228822882581788,idle,0.0
Ramananthapuram,10,21,0.4862085602918663,4.674323380586932,discharge,0.0
Ramananthapuram,10,22,0.34080373650064266,4.547369798611022,idle,0.0
Ramananthapuram,10,23,0.4378012454802993,4.635805392575612,idle,0.0
Ramananthapuram,11,0,0.40268656377647055,3.140232603643783,discharge,0.0
Ramananthapuram,11,1,0.4408854563447743,3.3574690600878294,idle,0.0
Ramananthapuram,11,2,0.48184042555059364,3.272274878357165,idle,0.0
Ramananthapuram,11,3,0.3590928082836762,2.8100558866378518,idle,0.0
Ramananthapuram,11,4,0.35861263629672113,2.8187061389615273,discharge,0.0
Ramananthapuram,11,5,0.400452931962134,3.441172432540536,charge,0.1
Ramananthapuram,11,6,0.4994246275801021,5.066287719254178,discharge,0.0
Ramananthapuram,11,7,0.43069171645665194,5.005273052971042,charge,0.1
Ramananthapuram,11,8,0.5840491804152633,7.703996113087022,discharge,0.0
Ramananthapuram,11,9,0.5003576655485152,8.557505397130395,idle,0.0
Ramananthapuram,11,10,0.3343338749559737,5.101887359416591,discharge,0.0
Ramananthapuram,11,11,0.4928428889897555,5.4121979180376405,discharge,0.0
Ramananthapuram,11,12,0.4301173271734969,4.747336397729535,idle,0.0
Ramananthapuram,11,13,0.35443139697474363,4.908244789364717,idle,0.0
Ramananthapuram,11,14,0.3958764385901873,4.6779563387965455,idle,0.0
Ramananthapuram,11,15,0.3670441131631114,4.573368909704444,idle,0.0
Ramananthapuram,11,16,0.4893425058107812,5.230066696543787,idle,0.0
Ramananthapuram,11,17,0.3883387500331674,5.173135454941882,discharge,0.0
Ramananthapuram,11,18,0.6076063454064682,8.957104645143799,idle,0.0
Ramananthapuram,11,19,0.5652371554081719,7.822629883030054,discharge,0.0
Ramananthapuram,11,20,0.42470845441357546,5.295298789490045,idle,0.0
Ramananthapuram,11,21,0.425362279517094,4.991496365600983,discharge,0.0
Ramananthapuram,11,22,0.4486144906036686,4.630491567106135,discharge,0.0
Ramananthapuram,11,23,0.37283354099452176,5.3171045679913345,discharge,0.0
Ramananthapuram,12,0,0.4498168488981687,3.286701296139445,discharge,0.0
Ramananthapuram,12,1,0.533705657129652,2.9245639008468096,idle,0.0
Ramananthapuram,12,2,0.5249786746193185,3.0292519858888833,idle,0.0
Ramananthapuram,12,3,0.48399363795240974,2.821218932410074,discharge,0.0
Ramananthapuram,12,4,0.46757795985515044,3.1495497868473117,idle,0.0
Ramananthapuram,12,5,0.590277490457689,3.3784705325375533,charge,0.1
Ramananthapuram,12,6,0.47899619312183794,4.918239567849522,discharge,0.0
Ramananthapuram,12,7,0.46911002941557245,4.511103568578277,charge,0.1
Ramananthapuram,12,8,0.5635269617940208,7.943928603393189,discharge,0.0
Ramananthapuram,12,9,0.5626982429818191,7.762633082153259,idle,0.0
Ramananthapuram,12,10,0.3200287650782187,5.176404267138028,discharge,0.0
Ramananthapuram,12,11,0.32834821619675386,5.219216660520145,idle,0.0
Ramananthapuram,12,12,0.3377816866157185,4.774387123354222,idle,0.0
Ramananthapuram,12,13,0.33810870110292607,4.856139112356835,idle,0.0
Ramananthapuram,12,14,0.45600721464691985,5.110066067783863,idle,0.0
Ramananthapuram,12,15,0.4815641926168722,5.187202383763856,idle,0.0
Ramananthapuram,12,16,0.3320056829053706,4.705735686733825,discharge,0.0
Ramananthapuram,12,17,0.40623234986397533,4.572790354019442,discharge,0.0
Ramananthapuram,12,18,0.4022639248916323,8.13144683147766,discharge,0.0
Ramananthapuram,12,19,0.6400077422209466,8.684711024150822,idle,0.0
Ramananthapuram,12,20,0.314620414519243,4.831443500922975,idle,0.0
Ramananthapuram,12,21,0.425794790958315,5.305874350479508,discharge,0.0
Ramananthapuram,12,22,0.5694149475445925,4.678787547997858,idle,0.0
Ramananthapuram,12,23,0.4182002227941237,4.921297004357714,idle,0.0
Ramananthapuram,13,0,0.4172779361334893,3.3335079163512504,discharge,0.0
Ramananthapuram,13,1,0.4644259276567154,3.426612669918357,idle,0.0
Ramananthapuram,13,2,0.39750711768339486,3.3170670348395848,discharge,0.0
Ramananthapuram,13,3,0.5720943080617523,3.3199569724158304,idle,0.0
Ramananthapuram,13,4,0.4953092793864169,3.490290333663759,idle,0.0
Ramananthapuram,13,5,0.5770075558686482,3.0195021469652166,charge,0.1
Ramananthapuram,13,6,0.4951997149127711,4.676871995797219,discharge,0.0
Ramananthapuram,13,7,0.38005222075536776,4.563135516668096,charge,0.1
Ramananthapuram,13,8,0.6015974918394079,8.605283164121973,idle,0.1
Ramananthapuram,13,9,0.5934090692057699,8.513065943838953,discharge,0.0
Ramananthapuram,13,10,0.4971389793298726,5.120847908772386,discharge,0.0
Ramananthapuram,13,11,0.3542007316379159,5.031043923091798,idle,0.0
Ramananthapuram,13,12,0.3231447090709963,4.502141086853806,idle,0.0
Ramananthapuram,13,13,0.3216391737212966,5.051971461589327,idle,0.0
Ramananthapuram,13,14,0.4193753945500842,4.521447068819788,idle,0.0
Ramananthapuram,13,15,0.3235271061393825,5.03206404370316,idle,0.0
Ramananthapuram,13,16,0.48565349935381436,5.2465716187160885,idle,0.0
Ramananthapuram,13,17,0.434763986518778,4.684576908319704,discharge,0.0
Ramananthapuram,13,18,0.5992790766028625,8.894661042510974,idle,0.0
Ramananthapuram,13,19,0.5861087455438979,7.921711576061332,discharge,0.0
Ramananthapuram,13,20,0.39652675817537786,5.254638436456526,idle,0.0
Ramananthapuram,13,21,0.45101838665389843,4.746150184803277,discharge,0.0
Ramananthapuram,13,22,0.3697215307289961,5.014643917300704,idle,0.0
Ramananthapuram,13,23,0.36266800825414003,4.548094710876959,discharge,0.0
Ramananthapuram,14,0,0.3392062226486632,3.324541040448624,idle,0.0
Ramananthapuram,14,1,0.30142070840023377,3.1305452084502594,discharge,0.0
Ramananthapuram,14,2,0.35064354974575873,3.450298743462275,discharge,0.0
Ramananthapuram,14,3,0.3861305804862867,3.1453539939032544,idle,0.0
Ramananthapuram,14,4,0.31239712252470603,2.833545793103979,discharge,0.0
Ramananthapuram,14,5,0.38031755148272284,2.9967635544969013,charge,0.1
Ramananthapuram,14,6,0.3246614018246886,4.806720828294336,discharge,0.0
Ramananthapuram,14,7,0.3244758932042971,4.611755451108175,charge,0.1
Ramananthapuram,14,8,0.5140736242732259,7.958909199254806,discharge,0.0
Ramananthapuram,14,9,0.3910624827438178,8.578470004483862,idle,0.0
Ramananthapuram,14,10,0.3635857387812454,5.000217642278346,discharge,0.0
Ramananthapuram,14,11,0.33466194301205926,5.372602616026028,idle,0.0
Ramananthapuram,14,12,0.33651553428763004,5.116479069268754,idle,0.0
Ramananthapuram,14,13,0.34917302751400153,5.159343375462166,idle,0.0
Ramananthapuram,14,14,0.4817068578142504,4.8145387386422485,idle,0.0
Ramananthapuram,14,15,0.44129983865723865,5.453859586143535,idle,0.0
Ramananthapuram,14,16,0.41940220301765807,4.5298797116318665,idle,0.0
Ramananthapuram,14,17,0.3886803515312312,4.566480890064682,discharge,0.0
Ramananthapuram,14,18,0.6263684530737526,8.841582238319715,idle,0.0
Ramananthapuram,14,19,0.5930777349028339,8.392167092281174,discharge,0.0
Ramananthapuram,14,20,0.3439391728586983,4.60120168697604,idle,0.0
Ramananthapuram,14,21,0.36049973280896697,5.223650685221419,idle,0.0
Ramananthapuram,14,22,0.46400125682198057,5.342116453993327,discharge,0.0
Ramananthapuram,14,23,0.4251056794471926,5.084925698464518,idle,0.0
Ramananthapuram,15,0,0.3470944899618416,3.478583458678385,idle,0.0
Ramananthapuram,15,1,0.3199216726333966,3.4426736319451936,discharge,0.0
Ramananthapuram,15,2,0.4042522533376129,2.8486168900518014,idle,0.0
Ramananthapuram,15,3,0.40534694787988357,2.9865171737629326,discharge,0.0
Ramananthapuram,15,4,0.32228356179698636,3.3605340657578875,discharge,0.0
Ramananthapuram,15,5,0.39667055321135986,3.2961893015464425,charge,0.1
Ramananthapuram,15,6,0.4106294607935137,5.331810720224436,discharge,0.0
Ramananthapuram,15,7,0.4310466382762218,5.095344892211524,charge,0.1
Ramananthapuram,15,8,0.5586184980052934,8.919366720009716,discharge,0.0
Ramananthapuram,15,9,0.5128110171079651,7.970094054106917,idle,0.0
Ramananthapuram,15,10,0.33866745925933006,5.262186237324884,discharge,0.0
Ramananthapuram,15,11,0.3223726830940853,4.501780142258934,idle,0.0
Ramananthapuram,15,12,0.44535789398035674,5.488910727475261,idle,0.0
Ramananthapuram,15,13,0.49340497153445806,5.484046525388865,idle,0.0
Ramananthapuram,15,14,0.45668467864976037,5.476155428849345,idle,0.0
Ramananthapuram,15,15,0.36667155764555787,5.28030182929062,idle,0.0
Ramananthapuram,15,16,0.49069259226339135,5.333274103417387,idle,0.0
Ramananthapuram,15,17,0.44086732300183223,4.668646016327996,discharge,0.0
Ramananthapuram,15,18,0.41794062426199996,7.825362056517445,idle,0.0
Ramananthapuram,15,19,0.43977037610272446,7.7578178240522995,discharge,0.0
Ramananthapuram,15,20,0.3869122869731918,5.385646850667718,idle,0.0
Ramananthapuram,15,21,0.49780470975134605,4.562203729164706,discharge,0.0
Ramananthapuram,15,22,0.473811800297814,5.075941068482904,discharge,0.0
Ramananthapuram,15,23,0.3185277594559564,5.151098204074042,discharge,0.0
Ramananthapuram,16,0,0.41501508292341627,3.196693779543038,discharge,0.0
Ramananthapuram,16,1,0.464900170403995,3.245337071876791,idle,0.0
Ramananthapuram,16,2,0.35625957107169165,3.358179548592713,discharge,0.0
Ramananthapuram,16,3,0.4198299377230741,2.941431323397928,discharge,0.0
Ramananthapuram,16,4,0.40914579607600826,2.8696490170172377,idle,0.0
Ramananthapuram,16,5,0.31789654478155777,3.043927535899741,charge,0.1
Ramananthapuram,16,6,0.3933753685969086,4.941595375266813,discharge,0.0
Ramananthapuram,16,7,0.3763309439928875,4.9659587123385105,charge,0.1
Ramananthapuram,16,8,0.4943617436020456,8.285701265090127,discharge,0.0
Ramananthapuram,16,9,0.5024349398149165,8.332471099132185,idle,0.0
Ramananthapuram,16,10,0.38479212386193967,4.589273283050401,discharge,0.0
Ramananthapuram,16,11,0.3616419292036411,5.297910212841157,idle,0.0
Ramananthapuram,16,12,0.35152534207842745,4.5978203684976,idle,0.0
Ramananthapuram,16,13,0.34926444494639797,5.183749208262077,idle,0.0
Ramananthapuram,16,14,0.3930466095764569,5.425665983357562,idle,0.0
Ramananthapuram,16,15,0.44182756046097377,5.38983638577628,idle,0.0
Ramananthapuram,16,16,0.4774740571269215,4.784823594642415,idle,0.0
Ramananthapuram,16,17,0.3250259504691604,5.485600528837864,discharge,0.0
Ramananthapuram,16,18,0.470438071063894,7.559213572768202,idle,0.0
Ramananthapuram,16,19,0.6253339420891318,8.795406871157217,idle,0.0
Ramananthapuram,16,20,0.3846015119144797,5.114325909463918,idle,0.0
Ramananthapuram,16,21,0.30283721611185166,4.8040024406534645,idle,0.0
Ramananthapuram,16,22,0.48917651346475516,5.025981802725482,discharge,0.0
Ramananthapuram,16,23,0.362437669439223,4.632057042714004,discharge,0.0
Ramananthapuram,17,0,0.34391854162658875,3.014773690308376,idle,0.0
Ramananthapuram,17,1,0.3491771841224891,3.25727397208397,discharge,0.0
Ramananthapuram,17,2,0.457587471332781,3.455422700375763,idle,0.0
Ramananthapuram,17,3,0.3683936702557844,2.871347030668479,idle,0.0
Ramananthapuram,17,4,0.4591930140283783,3.134192013381495,idle,0.0
Ramananthapuram,17,5,0.49030848596893023,3.090285121254543,charge,0.1
Ramananthapuram,17,6,0.40783701258183463,5.081507303347878,discharge,0.0
Ramananthapuram,17,7,0.3771686524008671,4.778364745226404,charge,0.1
Ramananthapuram,17,8,0.45148732982387885,7.671277060676724,discharge,0.0
Ramananthapuram,17,9,0.5944494694165496,7.51385090325386,idle,0.0
Ramananthapuram,17,10,0.3848003957264783,5.308455158247311,discharge,0.0
Ramananthapuram,17,11,0.38447995114708006,5.3812171963509545,idle,0.0
Ramananthapuram,17,12,0.3933557987574403,5.057736657742313,idle,0.0
Ramananthapuram,17,13,0.4496712169181146,5.2017797249449655,idle,0.0
Ramananthapuram,17,14,0.3429334519082331,4.704255419239784,idle,0.0
Ramananthapuram,17,15,0.3197435923967894,5.384873359611523,idle,0.0
Ramananthapuram,17,16,0.36482269671911105,5.447644664807834,discharge,0.0
Ramananthapuram,17,17,0.387779475073321,5.182740692412127,discharge,0.0
Ramananthapuram,17,18,0.6034520304714694,7.875071475457256,idle,0.0
Ramananthapuram,17,19,0.47118413871215703,8.85155877288181,discharge,0.0
Ramananthapuram,17,20,0.36970589771470824,5.038642810611562,idle,0.0
Ramananthapuram,17,21,0.45750105033316407,5.044395643001677,discharge,0.0
Ramananthapuram,17,22,0.46482868975444586,5.287410171941188,discharge,0.0
Ramananthapuram,17,23,0.3809264620064184,4.96856128037846,discharge,0.0
Ramananthapuram,18,0,0.4915597899705792,3.4694977951139996,discharge,0.0
Ramananthapuram,18,1,0.3545744867047771,3.0013691947340444,discharge,0.0
Ramananthapuram,18,2,0.3559146122461439,3.0854464085263347,discharge,0.0
Ramananthapuram,18,3,0.3527619900754053,2.886973054853851,idle,0.0
Ramananthapuram,18,4,0.3585647320061774,3.270047672849048,discharge,0.0
Ramananthapuram,18,5,0.36985817338013455,3.299230099915275,charge,0.1
Ramananthapuram,18,6,0.3781533969198589,5.478710277824269,discharge,0.0
Ramananthapuram,18,7,0.3945275915183761,5.30279052709638,charge,0.1
Ramananthapuram,18,8,0.4681808412965764,8.163819999403861,discharge,0.0
Ramananthapuram,18,9,0.5648173356924268,8.181913741365886,idle,0.0
Ramananthapuram,18,10,0.48593055816217756,4.986963279866848,discharge,0.0
Ramananthapuram,18,11,0.36057116134117634,4.745577351349735,idle,0.0
Ramananthapuram,18,12,0.37157785163689067,5.159407084731935,idle,0.0
Ramananthapuram,18,13,0.3608407768999189,4.908829044860483,idle,0.0
Ramananthapuram,18,14,0.3084348316747797,4.759641904521176,idle,0.0
Ramananthapuram,18,15,0.44477845305866737,4.650401403171702,idle,0.0
Ramananthapuram,18,16,0.3111562479231261,4.761449693384424,discharge,0.0
Ramananthapuram,18,17,0.4071500542716639,5.169788894883376,discharge,0.0
Ramananthapuram,18,18,0.541881431289343,8.402776440062944,idle,0.0
Ramananthapuram,18,19,0.550592104826212,7.9759398235860095,discharge,0.0
Ramananthapuram,18,20,0.46321203381613385,5.318461408941198,idle,0.0
Ramananthapuram,18,21,0.4782168851442222,5.277761614610618,discharge,0.0
Ramananthapuram,18,22,0.3306925203372845,4.818251963286079,idle,0.0
Ramananthapuram,18,23,0.4528952202498554,5.162423202020319,idle,0.0
Ramananthapuram,19,0,0.42125046331854327,3.3659342856834935,discharge,0.0
Ramananthapuram,19,1,0.4471616063513815,3.0106102362503386,idle,0.0
Ramananthapuram,19,2,0.5388019394005683,3.4504988477722893,idle,0.0
Ramananthapuram,19,3,0.45699705673062896,3.2631324498209238,discharge,0.0
Ramananthapuram,19,4,0.36321006748397927,3.3484740948403737,discharge,0.0
Ramananthapuram,19,5,0.42608297411800206,3.033498319383348,charge,0.1
Ramananthapuram,19,6,0.43817780934709843,4.892160908525026,discharge,0.0
Ramananthapuram,19,7,0.46292615014681404,5.442617523211463,charge,0.1
Ramananthapuram,19,8,0.7520981490234724,8.15645238518901,discharge,0.0
Ramananthapuram,19,9,0.44420119475578984,7.602814145518113,discharge,0.0
Ramananthapuram,19,10,0.3392008742263224,5.485382597426162,discharge,0.0
Ramananthapuram,19,11,0.42691680931603343,5.443089754629756,discharge,0.0
Ramananthapuram,19,12,0.491490508179533,5.094211973695469,idle,0.0
Ramananthapuram,19,13,0.4754300376956001,5.377014843341862,idle,0.0
Ramananthapuram,19,14,0.4962631204875657,4.731051739894295,idle,0.0
Ramananthapuram,19,15,0.36650180936756804,5.213294117258019,idle,0.0
Ramananthapuram,19,16,0.3209999429238025,4.865291773366105,discharge,0.0
Ramananthapuram,19,17,0.44512698034822007,5.308275564266079,discharge,0.0
Ramananthapuram,19,18,0.46599939297709536,8.96468173192153,discharge,0.0
Ramananthapuram,19,19,0.5487000348769748,8.323630043619119,discharge,0.0
Ramananthapuram,19,20,0.314183366243504,5.486838525000829,idle,0.0
Ramananthapuram,19,21,0.47880671027426297,4.943830858780572,discharge,0.0
Ramananthapuram,19,22,0.5277307352721232,4.805423350435725,idle,0.0
Ramananthapuram,19,23,0.5089117698776304,5.384071107252559,idle,0.0
Ramananthapuram,20,0,0.4684524305530144,3.0026468284253807,discharge,0.0
Ramananthapuram,20,1,0.5790764704870185,3.3255708446377676,idle,0.0
Ramananthapuram,20,2,0.4506801944815931,2.8471924177120136,idle,0.0
Ramananthapuram,20,3,0.5309718479734825,3.4777785199877864,idle,0.0
Ramananthapuram,20,4,0.5760371378770425,3.0753023583872787,idle,0.0
Ramananthapuram,20,5,0.5383760896449196,3.259492348199261,charge,0.1
Ramananthapuram,20,6,0.42725197613734694,5.101691716862508,discharge,0.0
Ramananthapuram,20,7,0.5944094633787423,4.937918734229997,charge,0.1
Ramananthapuram,20,8,0.7170548715230188,8.302397187521864,discharge,0.0
Ramananthapuram,20,9,0.39484759440117484,7.7891776516558355,idle,0.0
Ramananthapuram,20,10,0.36587211663984276,5.275314524302778,discharge,0.0
Ramananthapuram,20,11,0.43675068716812837,4.766519810938169,discharge,0.0
Ramananthapuram,20,12,0.30938460878931395,5.2445597490984435,idle,0.0
Ramananthapuram,20,13,0.4803483687702619,5.057313205019851,idle,0.0
Ramananthapuram,20,14,0.4447708168452945,5.191568305151197,idle,0.0
Ramananthapuram,20,15,0.45389400423010673,4.716096144253533,idle,0.0
Ramananthapuram,20,16,0.3137132844428163,5.19042852195016,discharge,0.0
Ramananthapuram,20,17,0.43068447614796024,5.416636992764706,discharge,0.0
Ramananthapuram,20,18,0.64277738692064,8.187772340679906,idle,0.0
Ramananthapuram,20,19,0.6314875118054672,8.150851994511797,idle,0.0
Ramananthapuram,20,20,0.39069170366853123,4.568536492358336,idle,0.0
Ramananthapuram,20,21,0.38094939910907893,4.757443192559155,idle,0.0
Ramananthapuram,20,22,0.47694619979993763,4.89732462545379,discharge,0.0
Ramananthapuram,20,23,0.3643129777990158,5.011688145749014,discharge,0.0
Ramananthapuram,21,0,0.4564400871062628,2.8918325340147857,discharge,0.0
Ramananthapuram,21,1,0.3688083373138175,2.870492289633593,discharge,0.0
Ramananthapuram,21,2,0.40846623434784446,3.427634780590102,idle,0.0
Ramananthapuram,21,3,0.38859661786901967,3.4641069753114517,idle,0.0
Ramananthapuram,21,4,0.3900621061245042,3.4382572277643106,discharge,0.0
Ramananthapuram,21,5,0.4794194731933653,2.9811852617350847,charge,0.1
Ramananthapuram,21,6,0.4060074193799666,4.744154426321891,discharge,0.0
Ramananthapuram,21,7,0.4807239787732125,5.180550674702709,charge,0.1
Ramananthapuram,21,8,0.39022587520360663,7.735087360566542,idle,0.1
Ramananthapuram,21,9,0.44131800438598645,8.462740790236772,discharge,0.0
Ramananthapuram,21,10,0.31713301578123343,5.102641362939603,discharge,0.0
Ramananthapuram,21,11,0.33043869632672684,5.276892519795627,idle,0.0
Ramananthapuram,21,12,0.4995562899708706,4.9713420873925855,idle,0.0
Ramananthapuram,21,13,0.37860879199796516,4.688244762201433,idle,0.0
Ramananthapuram,21,14,0.47244142195036604,5.461385443522264,idle,0.0
Ramananthapuram,21,15,0.47650637568373577,5.047692075738964,idle,0.0
Ramananthapuram,21,16,0.36453896821284204,5.125793081048999,discharge,0.0
Ramananthapuram,21,17,0.3734538591752664,5.150273819895183,discharge,0.0
Ramananthapuram,21,18,0.4526910831849649,8.841419782775759,discharge,0.0
Ramananthapuram,21,19,0.3900209790075855,7.96525085326597,idle,0.0
Ramananthapuram,21,20,0.37266644002966587,5.1986913375593575,idle,0.0
Ramananthapuram,21,21,0.33390680127549804,5.496883166470095,idle,0.0
Ramananthapuram,21,22,0.30769789408806814,5.052098853565865,idle,0.0
Ramananthapuram,21,23,0.33863057550390346,4.703351829205495,discharge,0.0
Ramananthapuram,22,0,0.3462670670818281,3.0934324246151497,idle,0.0
Ramananthapuram,22,1,0.4925858815832639,2.8309816687583758,idle,0.0
Ramananthapuram,22,2,0.39859306772128916,2.962070776900313,discharge,0.0
Ramananthapuram,22,3,0.4924104085194687,3.00641723921648,discharge,0.0
Ramananthapuram,22,4,0.4508392918963785,2.8004617009984742,idle,0.0
Ramananthapuram,22,5,0.31001459772074946,3.3108913062021457,charge,0.1
Ramananthapuram,22,6,0.38072737582505195,4.807270722299012,discharge,0.0
Ramananthapuram,22,7,0.4724035442112885,4.639953722564935,charge,0.1
Ramananthapuram,22,8,0.5336543798858181,8.609964384838653,discharge,0.0
Ramananthapuram,22,9,0.5702479814650983,7.600457378206659,idle,0.0
Ramananthapuram,22,10,0.319665904614963,5.252374856015172,discharge,0.0
Ramananthapuram,22,11,0.4237085987675614,4.588316813733898,discharge,0.0
Ramananthapuram,22,12,0.3237424405337443,5.357220592718779,idle,0.0
Ramananthapuram,22,13,0.4246835158683908,4.734118918384089,idle,0.0
Ramananthapuram,22,14,0.3414849138373514,4.6932277269396465,idle,0.0
Ramananthapuram,22,15,0.4857048233981016,5.230671846050512,idle,0.0
Ramananthapuram,22,16,0.4351897187359004,5.46052313899807,idle,0.0
Ramananthapuram,22,17,0.4956145684520473,5.421831948486592,discharge,0.0
Ramananthapuram,22,18,0.47779622245002756,7.802291841698162,idle,0.0
Ramananthapuram,22,19,0.3999388340011818,8.542942885162502,idle,0.0
Ramananthapuram,22,20,0.4186586593430188,5.369613564057794,idle,0.0
Ramananthapuram,22,21,0.3833522341875949,4.850312557925395,idle,0.0
Ramananthapuram,22,22,0.3159492969194092,4.68399642906515,idle,0.0
Ramananthapuram,22,23,0.4310713089849875,4.771803006791855,idle,0.0
Ramananthapuram,23,0,0.3913893171375566,3.157891528956739,idle,0.0
Ramananthapuram,23,1,0.4611033963172141,3.0152669128078387,idle,0.0
Ramananthapuram,23,2,0.3700779754292836,3.341145104223802,discharge,0.0
Ramananthapuram,23,3,0.42157479628634587,3.307664618169012,discharge,0.0
Ramananthapuram,23,4,0.31451665057011274,3.036122478324044,discharge,0.0
Ramananthapuram,23,5,0.4726605789740015,3.142648063724308,charge,0.1
Ramananthapuram,23,6,0.3730775590847892,4.86257847697779,discharge,0.0
Ramananthapuram,23,7,0.48956659878217357,5.326869822432482,charge,0.1
Ramananthapuram,23,8,0.39349109310490704,8.707615801430547,discharge,0.0
Ramananthapuram,23,9,0.5827216316712439,8.394504344969429,idle,0.0
Ramananthapuram,23,10,0.46936576643211725,4.609729820308868,discharge,0.0
Ramananthapuram,23,11,0.3109320919990688,4.57639804727593,idle,0.0
Ramananthapuram,23,12,0.31641115534517933,5.421240908604493,idle,0.0
Ramananthapuram,23,13,0.4867729364671245,4.744679748566144,idle,0.0
Ramananthapuram,23,14,0.4606249105706762,5.030173154522875,idle,0.0
Ramananthapuram,23,15,0.4847094124605791,5.373034713198169,idle,0.0
Ramananthapuram,23,16,0.4474590586293636,5.250541836981581,idle,0.0
Ramananthapuram,23,17,0.4124417676853988,4.983249409945034,discharge,0.0
Ramananthapuram,23,18,0.4963511186251365,8.05400704303702,discharge,0.0
Ramananthapuram,23,19,0.6312457764674845,8.913607214856073,idle,0.0
Ramananthapuram,23,20,0.3914471928204845,4.64166775139008,idle,0.0
Ramananthapuram,23,21,0.4350009221791667,5.415573525837461,discharge,0.0
Ramananthapuram,23,22,0.3918154545314372,4.82383990600041,idle,0.0
Ramananthapuram,23,23,0.33204673227804843,5.107837436009132,discharge,0.0
Ramananthapuram,24,0,0.45656569003811276,3.2708633701698933,discharge,0.0
Ramananthapuram,24,1,0.4852481521501213,3.3693027201689176,idle,0.0
Ramananthapuram,24,2,0.42985545562891286,3.355569822949845,idle,0.0
Ramananthapuram,24,3,0.3592491580479255,3.3893022833179973,idle,0.0
Ramananthapuram,24,4,0.4745249452296525,2.809494749314449,idle,0.0
Ramananthapuram,24,5,0.45233307100888553,3.487672242842619,charge,0.1
Ramananthapuram,24,6,0.4344538707819907,4.881154720547961,discharge,0.0
Ramananthapuram,24,7,0.3623658934418349,4.7147532754859185,charge,0.1
Ramananthapuram,24,8,0.5101503044074065,7.863858372646037,discharge,0.0
Ramananthapuram,24,9,0.512126147323211,8.864944156869488,idle,0.0
Ramananthapuram,24,10,0.4640395623273105,5.176133743385456,discharge,0.0
Ramananthapuram,24,11,0.3357070380782372,5.211262194256032,idle,0.0
Ramananthapuram,24,12,0.40446443616202415,5.145499830983939,idle,0.0
Ramananthapuram,24,13,0.4220872311941186,4.564436190930643,idle,0.0
Ramananthapuram,24,14,0.379616460817028,5.404969257857123,idle,0.0
Ramananthapuram,24,15,0.3284954526581397,5.442292696651449,idle,0.0
Ramananthapuram,24,16,0.3932406822373571,5.125746457069784,discharge,0.0
Ramananthapuram,24,17,0.31357725946039217,5.257531948049338,discharge,0.0
Ramananthapuram,24,18,0.6413240644203347,8.380641972008645,idle,0.0
Ramananthapuram,24,19,0.4278693784700168,8.99859378685017,discharge,0.0
Ramananthapuram,24,20,0.4580910703226695,5.38204235147941,idle,0.0
Ramananthapuram,24,21,0.4705671243055799,5.465353132297375,discharge,0.0
Ramananthapuram,24,22,0.42364233197751255,4.74764179284637,discharge,0.0
Ramananthapuram,24,23,0.3659057420557488,5.343533858481108,discharge,0.0
Ramananthapuram,25,0,0.3081050378129583,3.0504978865173205,idle,0.0
Ramananthapuram,25,1,0.4664530610223875,3.1935182925257384,idle,0.0
Ramananthapuram,25,2,0.35701965524670154,2.8313840093441853,discharge,0.0
Ramananthapuram,25,3,0.4527017854321538,3.34225965797966,discharge,0.0
Ramananthapuram,25,4,0.3824785820796843,2.8212698344028846,discharge,0.0
Ramananthapuram,25,5,0.48993177375176766,3.354257488211703,charge,0.1
Ramananthapuram,25,6,0.49799654018347844,5.255601667585529,discharge,0.0
Ramananthapuram,25,7,0.3781863795749255,5.0488838985350295,charge,0.1
Ramananthapuram,25,8,0.6268428836675436,7.594543535077343,idle,0.1
Ramananthapuram,25,9,0.6074818352372034,8.500422899540869,discharge,0.0
Ramananthapuram,25,10,0.4997683705313178,5.377878565713523,discharge,0.0
Ramananthapuram,25,11,0.35617111577348004,5.471529536242462,idle,0.0
Ramananthapuram,25,12,0.4249544314681192,4.522053891181567,idle,0.0
Ramananthapuram,25,13,0.4430731444275842,4.837871553369813,idle,0.0
Ramananthapuram,25,14,0.3304056751725213,5.0457734688175435,idle,0.0
Ramananthapuram,25,15,0.4277286984076937,4.587835833305215,idle,0.0
Ramananthapuram,25,16,0.3328113139214506,5.465165824254113,discharge,0.0
Ramananthapuram,25,17,0.4081234630016247,4.640630761848603,discharge,0.0
Ramananthapuram,25,18,0.5846118653738516,7.732150277488389,idle,0.0
Ramananthapuram,25,19,0.634208868296687,8.33754300858216,idle,0.0
Ramananthapuram,25,20,0.4379186213642436,5.048618053252243,idle,0.0
Ramananthapuram,25,21,0.4533985950689968,5.092817366108984,discharge,0.0
Ramananthapuram,25,22,0.448877640544215,5.499177743570277,discharge,0.0
Ramananthapuram,25,23,0.3777985389152777,5.033472249714439,discharge,0.0
Ramananthapuram,26,0,0.505592409793861,3.4912997315258436,idle,0.0
Ramananthapuram,26,1,0.465684558870916,3.3170045343298327,idle,0.0
Ramananthapuram,26,2,0.4146306255342039,3.4188901883845366,idle,0.0
Ramananthapuram,26,3,0.588749564035391,2.811049458283996,idle,0.0
Ramananthapuram,26,4,0.5557401287509,3.33026215400816,idle,0.0
Ramananthapuram,26,5,0.39971661297754735,3.3185857160779837,charge,0.1
Ramananthapuram,26,6,0.5777108934184585,5.328542067321159,idle,0.1
Ramananthapuram,26,7,0.5717397449208728,5.420163235340872,idle,0.1
Ramananthapuram,26,8,0.4694346087846781,8.561345840053516,discharge,0.0
Ramananthapuram,26,9,0.49987521094968906,8.078201369807575,idle,0.0
Ramananthapuram,26,10,0.36917869043525964,5.369657796234911,discharge,0.0
Ramananthapuram,26,11,0.4604509862956687,5.160124878858099,discharge,0.0
Ramananthapuram,26,12,0.42826923395891486,5.0147486280815325,idle,0.0
Ramananthapuram,26,13,0.43432428759744957,4.833361760917208,idle,0.0
Ramananthapuram,26,14,0.4445505053048585,4.730699331381618,idle,0.0
Ramananthapuram,26,15,0.44114503151100287,5.0939131902070045,idle,0.0
Ramananthapuram,26,16,0.3065792841996115,4.71555275442854,discharge,0.0
Ramananthapuram,26,17,0.47289870055982586,4.890221312960589,discharge,0.0
Ramananthapuram,26,18,0.48832030370845153,7.82617365700354,idle,0.0
Ramananthapuram,26,19,0.49649575793231976,8.60831850293883,discharge,0.0
Ramananthapuram,26,20,0.4960213561981406,4.554392664525897,idle,0.0
Ramananthapuram,26,21,0.505676237703933,4.794053767392601,idle,0.0
Ramananthapuram,26,22,0.5266946299356229,5.018722586268668,idle,0.0
Ramananthapuram,26,23,0.38904005282579496,4.759016607246579,discharge,0.0
Ramananthapuram,27,0,0.5659603079855711,3.370440480730059,idle,0.0
Ramananthapuram,27,1,0.5807611757176788,3.0782886294479015,idle,0.0
Ramananthapuram,27,2,0.5982373228783172,2.9674178260679387,idle,0.0
Ramananthapuram,27,3,0.579405972198597,3.2167937794797172,idle,0.0
Ramananthapuram,27,4,0.5054361605233993,3.3703366464738322,idle,0.0
Ramananthapuram,27,5,0.54712633502376,2.925129283700881,charge,0.1
Ramananthapuram,27,6,0.3620396879218361,5.150918327188308,discharge,0.0
Ramananthapuram,27,7,0.46010150663876026,5.401370734639725,charge,0.1
Ramananthapuram,27,8,0.4716317393954289,8.273602268556987,discharge,0.0
Ramananthapuram,27,9,0.42568848984999913,7.654826467427264,discharge,0.0
Ramananthapuram,27,10,0.3499740599750773,4.525129128131111,discharge,0.0
Ramananthapuram,27,11,0.362202913626913,5.258978505147419,idle,0.0
Ramananthapuram,27,12,0.3219853261428969,5.424679288245037,idle,0.0
Ramananthapuram,27,13,0.41836685025331444,4.8142979660783904,idle,0.0
Ramananthapuram,27,14,0.3110899001785814,5.20833111060779,idle,0.0
Ramananthapuram,27,15,0.40632002613511764,4.685949782219424,idle,0.0
Ramananthapuram,27,16,0.3939398569281428,4.562953837068076,discharge,0.0
Ramananthapuram,27,17,0.341455136333136,5.3223739640184355,discharge,0.0
Ramananthapuram,27,18,0.5094352391106629,8.02137442545601,idle,0.0
Ramananthapuram,27,19,0.5189842413446273,8.550732655759528,discharge,0.0
Ramananthapuram,27,20,0.43159732803221873,5.200314506426807,idle,0.0
Ramananthapuram,27,21,0.3866774988332172,5.013996135389013,idle,0.0
Ramananthapuram,27,22,0.42152016402983655,4.690051145919725,discharge,0.0
Ramananthapuram,27,23,0.5730136881788838,4.747970073272309,idle,0.0
Ramananthapuram,28,0,0.49234761662263826,2.8992565121445804,discharge,0.0
Ramananthapuram,28,1,0.3283720077623912,3.0338841702831907,discharge,0.0
Ramananthapuram,28,2,0.4919959428585612,3.1652194209454736,idle,0.0
Ramananthapuram,28,3,0.49079557362109394,3.2449569247285255,discharge,0.0
Ramananthapuram,28,4,0.48088556008121075,3.4525494772283873,idle,0.0
Ramananthapuram,28,5,0.47226898622556013,3.097679011125404,charge,0.1
Ramananthapuram,28,6,0.45109889928206626,5.251885828779226,discharge,0.0
Ramananthapuram,28,7,0.47703818432921996,4.959406109028571,charge,0.1
Ramananthapuram,28,8,0.4983646964750015,7.782744496963865,discharge,0.0
Ramananthapuram,28,9,0.40113906598892207,8.3023340603609,idle,0.0
Ramananthapuram,28,10,0.4288153042364821,4.997181221283017,discharge,0.0
Ramananthapuram,28,11,0.4192884795238807,4.653292815931158,discharge,0.0
Ramananthapuram,28,12,0.30304387589814624,4.751137735290036,idle,0.0
Ramananthapuram,28,13,0.36568793022871504,4.99058405290849,idle,0.0
Ramananthapuram,28,14,0.4720890898563951,4.5425047215321985,idle,0.0
Ramananthapuram,28,15,0.4420730367804621,4.626392931465004,idle,0.0
Ramananthapuram,28,16,0.40051673524947073,5.0161654588217015,idle,0.0
Ramananthapuram,28,17,0.4380636427017975,5.38261962213042,discharge,0.0
Ramananthapuram,28,18,0.5261642926844851,7.795851539658111,idle,0.0
Ramananthapuram,28,19,0.39884038498222146,7.5709341357479865,idle,0.0
Ramananthapuram,28,20,0.4158416217980706,5.292588988405548,idle,0.0
Ramananthapuram,28,21,0.38669041899806855,5.259665393075263,idle,0.0
Ramananthapuram,28,22,0.43913699665405487,4.758211472061342,discharge,0.0
Ramananthapuram,28,23,0.4623253545491583,4.638223719143048,idle,0.0
Ramananthapuram,29,0,0.3710089735709886,3.169159067676553,idle,0.0
Ramananthapuram,29,1,0.3129109381163402,3.4744772255610483,discharge,0.0
Ramananthapuram,29,2,0.4934618270337,2.9761205987320465,idle,0.0
Ramananthapuram,29,3,0.37505703490805087,3.3684750153349743,idle,0.0
Ramananthapuram,29,4,0.45059574522007917,2.8045625014561315,idle,0.0
Ramananthapuram,29,5,0.3923611566674101,3.002307035921577,charge,0.1
Ramananthapuram,29,6,0.38886730407336534,4.93497015126549,discharge,0.0
Ramananthapuram,29,7,0.35345515303478425,5.39593468087264,charge,0.1
Ramananthapuram,29,8,0.466261486423715,8.842545567161743,discharge,0.0
Ramananthapuram,29,9,0.5639381303209579,7.5626769550220265,idle,0.0
Ramananthapuram,29,10,0.40194739339801666,4.559327271861738,discharge,0.0
Ramananthapuram,29,11,0.49761093841751913,5.145902433907003,discharge,0.0
Ramananthapuram,29,12,0.31380851866678644,4.927292403585574,idle,0.0
Ramananthapuram,29,13,0.46800857328099477,4.714204737884332,idle,0.0
Ramananthapuram,29,14,0.3617299286783452,5.163214570214407,idle,0.0
Ramananthapuram,29,15,0.4124371344566397,5.342909591270659,idle,0.0
Ramananthapuram,29,16,0.3279935062544298,5.131864674104288,discharge,0.0
Ramananthapuram,29,17,0.4755029460932164,4.723103567108678,discharge,0.0
Ramananthapuram,29,18,0.6233853044126051,7.884275729131235,idle,0.0
Ramananthapuram,29,19,0.49379391429496733,8.470964392540576,discharge,0.0
Ramananthapuram,29,20,0.4912434594754841,5.029276769765758,idle,0.0
Ramananthapuram,29,21,0.3067301914300568,5.471419074050287,idle,0.0
Ramananthapuram,29,22,0.4786255362765181,4.74514871239963,discharge,0.0
Ramananthapuram,29,23,0.394645091735204,5.05561636752587,discharge,0.0
